{"cameraMode":{"drawMode":0,"name":"Shaded","section":"Shading Mode"},"sceneLighting":true,"audioPlay":false,"sceneViewState":{"m_AlwaysRefresh":false,"showFog":true,"showSkybox":true,"showFlares":true,"showImageEffects":true,"showParticleSystems":true,"showVisualEffectGraphs":true,"m_FxEnabled":true},"in2DMode":false,"pivot":{"x":0.5962014198303223,"y":2.8760180473327638,"z":1.0076234340667725},"rotation":{"x":0.09459806233644486,"y":0.9043905138969421,"z":-0.2708669602870941,"w":0.31585174798965456},"size":2.5124716758728029,"orthographic":true}